{"cameraMode":{"drawMode":0,"name":"Shaded","section":"Shading Mode"},"sceneLighting":false,"audioPlay":false,"sceneViewState":{"m_AlwaysRefresh":false,"showFog":true,"showSkybox":false,"showFlares":true,"showImageEffects":true,"showParticleSystems":true,"showVisualEffectGraphs":true,"m_FxEnabled":true},"in2DMode":false,"pivot":{"x":-0.00429987907409668,"y":4.177469253540039,"z":-0.0210723876953125},"rotation":{"x":0.2843863070011139,"y":0.037952523678541186,"z":-0.011267426423728466,"w":0.9578948616981506},"size":4.705255508422852,"orthographic":false}