{"cameraMode":{"drawMode":0,"name":"Shaded","section":"Shading Mode"},"sceneLighting":false,"audioPlay":false,"sceneViewState":{"m_AlwaysRefresh":false,"showFog":true,"showSkybox":false,"showFlares":true,"showImageEffects":true,"showParticleSystems":true,"showVisualEffectGraphs":true,"m_FxEnabled":true},"in2DMode":false,"pivot":{"x":-0.01142778992652893,"y":0.1692027449607849,"z":0.017451606690883638},"rotation":{"x":-0.0928645059466362,"y":0.009579100646078587,"z":-0.0008958328980952501,"w":-0.9956627488136292},"size":0.3833194077014923,"orthographic":true}