{"cameraMode":{"drawMode":0,"name":"Shaded","section":"Shading Mode"},"sceneLighting":true,"audioPlay":false,"sceneViewState":{"m_AlwaysRefresh":false,"showFog":true,"showSkybox":true,"showFlares":true,"showImageEffects":true,"showParticleSystems":true,"showVisualEffectGraphs":true,"m_FxEnabled":true},"in2DMode":false,"pivot":{"x":465.1686096191406,"y":208.66961669921876,"z":-0.000005602836608886719},"rotation":{"x":0.246394544839859,"y":-0.46890386939048769,"z":0.14042672514915467,"w":0.8370509147644043},"size":614.9276123046875,"orthographic":true}