{"cameraMode":{"drawMode":0,"name":"Shaded","section":"Shading Mode"},"sceneLighting":false,"audioPlay":false,"sceneViewState":{"m_AlwaysRefresh":false,"showFog":true,"showSkybox":false,"showFlares":true,"showImageEffects":true,"showParticleSystems":true,"showVisualEffectGraphs":true,"m_FxEnabled":true},"in2DMode":false,"pivot":{"x":-0.009209632873535157,"y":4.557887554168701,"z":-0.007711172103881836},"rotation":{"x":0.26617273688316347,"y":-0.0046224831603467468,"z":0.0012924784095957876,"w":0.9640127420425415},"size":7.655152320861816,"orthographic":true}