{"cameraMode":{"drawMode":0,"name":"Shaded","section":"Shading Mode"},"sceneLighting":false,"audioPlay":false,"sceneViewState":{"m_AlwaysRefresh":false,"showFog":true,"showSkybox":false,"showFlares":true,"showImageEffects":true,"showParticleSystems":true,"showVisualEffectGraphs":true,"m_FxEnabled":true},"in2DMode":false,"pivot":{"x":-0.056867241859436038,"y":0.09014003723859787,"z":0.05939686298370361},"rotation":{"x":-0.005022246390581131,"y":-0.9721391797065735,"z":0.2335764467716217,"w":-0.021022900938987733},"size":0.9484813213348389,"orthographic":true}