{"cameraMode":{"drawMode":0,"name":"Shaded","section":"Shading Mode"},"sceneLighting":false,"audioPlay":false,"sceneViewState":{"m_AlwaysRefresh":false,"showFog":true,"showSkybox":false,"showFlares":true,"showImageEffects":true,"showParticleSystems":true,"showVisualEffectGraphs":true,"m_FxEnabled":true},"in2DMode":false,"pivot":{"x":-2.4740309715270998,"y":0.10044172406196594,"z":2.4906015396118166},"rotation":{"x":-0.005022246390581131,"y":-0.9721391797065735,"z":0.2335764467716217,"w":-0.021022900938987733},"size":3.2938477993011476,"orthographic":true}